{
  "M0_elasticnet": {
    "n_events": 40,
    "n_trades": 35,
    "n_long": 4,
    "n_short": 31,
    "n_neutral": 5,
    "rmse": 0.002910823461606684,
    "r2": 0.6875188706747569,
    "r2_clipped": 0.6875188706747569,
    "directional_accuracy": 0.8,
    "cumulative_return": 0.17919228715860605,
    "mean_pnl": 0.004479807178965152,
    "mean_trade_pnl": 0.0051197796331030315,
    "sharpe_like": 1.086102144138295,
    "sharpe_like_clipped": 0.36203404804609834,
    "max_drawdown": 0.00235596996663881,
    "hit_rate_trades": 0.8857142857142857,
    "model_id": "M0_elasticnet",
    "config_id": "M0",
    "estimator_name": "elasticnet",
    "tau": 0.0017952482827316154,
    "n_features": 11,
    "walkforward_mode": "expanding_refit_fixed_hparams",
    "selection_score": 0.6185916344848237
  },
  "M0_gbdt": {
    "n_events": 40,
    "n_trades": 25,
    "n_long": 1,
    "n_short": 24,
    "n_neutral": 15,
    "rmse": 0.0029926007892896933,
    "r2": 0.6697144038954325,
    "r2_clipped": 0.6697144038954325,
    "directional_accuracy": 0.775,
    "cumulative_return": 0.1716389915323622,
    "mean_pnl": 0.004290974788309055,
    "mean_trade_pnl": 0.006865559661294488,
    "sharpe_like": 1.5724629544593578,
    "sharpe_like_clipped": 0.5241543181531193,
    "max_drawdown": 0.0,
    "hit_rate_trades": 1.0,
    "model_id": "M0_gbdt",
    "config_id": "M0",
    "estimator_name": "gbdt",
    "tau": 0.002009085561887416,
    "n_features": 11,
    "walkforward_mode": "expanding_refit_fixed_hparams",
    "selection_score": 0.6608826123274499
  },
  "M0_ols": {
    "n_events": 40,
    "n_trades": 31,
    "n_long": 4,
    "n_short": 27,
    "n_neutral": 9,
    "rmse": 0.0026115971401899354,
    "r2": 0.7484615208436863,
    "r2_clipped": 0.7484615208436863,
    "directional_accuracy": 0.85,
    "cumulative_return": 0.1786848927208844,
    "mean_pnl": 0.00446712231802211,
    "mean_trade_pnl": 0.005764028797447884,
    "sharpe_like": 1.2617073913037649,
    "sharpe_like_clipped": 0.42056913043458827,
    "max_drawdown": 0.000440671222958898,
    "hit_rate_trades": 0.9354838709677419,
    "model_id": "M0_ols",
    "config_id": "M0",
    "estimator_name": "ols",
    "tau": 0.002179345436354386,
    "n_features": 11,
    "walkforward_mode": "expanding_refit_fixed_hparams",
    "selection_score": 0.6743145758630275
  },
  "M1_elasticnet": {
    "n_events": 40,
    "n_trades": 33,
    "n_long": 3,
    "n_short": 30,
    "n_neutral": 7,
    "rmse": 0.002624811926258973,
    "r2": 0.7459094909044444,
    "r2_clipped": 0.7459094909044444,
    "directional_accuracy": 0.85,
    "cumulative_return": 0.1808784585552542,
    "mean_pnl": 0.004521961463881355,
    "mean_trade_pnl": 0.005481165410765279,
    "sharpe_like": 1.1922631965261614,
    "sharpe_like_clipped": 0.3974210655087205,
    "max_drawdown": 0.0011906861894693949,
    "hit_rate_trades": 0.9090909090909091,
    "model_id": "M1_elasticnet",
    "config_id": "M1",
    "estimator_name": "elasticnet",
    "tau": 0.0018687022721640251,
    "n_features": 13,
    "walkforward_mode": "expanding_refit_fixed_hparams",
    "selection_score": 0.6655747456541633
  },
  "M1_gbdt": {
    "n_events": 40,
    "n_trades": 24,
    "n_long": 1,
    "n_short": 23,
    "n_neutral": 16,
    "rmse": 0.0027797744217429136,
    "r2": 0.7150221071826625,
    "r2_clipped": 0.7150221071826625,
    "directional_accuracy": 0.85,
    "cumulative_return": 0.1688248823385725,
    "mean_pnl": 0.004220622058464313,
    "mean_trade_pnl": 0.007034370097440522,
    "sharpe_like": 1.6076782470483013,
    "sharpe_like_clipped": 0.5358927490161004,
    "max_drawdown": 0.0,
    "hit_rate_trades": 1.0,
    "model_id": "M1_gbdt",
    "config_id": "M1",
    "estimator_name": "gbdt",
    "tau": 0.002165496709123052,
    "n_features": 13,
    "walkforward_mode": "expanding_refit_fixed_hparams",
    "selection_score": 0.7063179889513008
  },
  "M1_ols": {
    "n_events": 40,
    "n_trades": 29,
    "n_long": 4,
    "n_short": 25,
    "n_neutral": 11,
    "rmse": 0.0022969256873769475,
    "r2": 0.8054254873423665,
    "r2_clipped": 0.8054254873423665,
    "directional_accuracy": 0.825,
    "cumulative_return": 0.17600404135849618,
    "mean_pnl": 0.004400101033962405,
    "mean_trade_pnl": 0.006069104874430902,
    "sharpe_like": 1.3271024077235998,
    "sharpe_like_clipped": 0.4423674692411999,
    "max_drawdown": 0.000440671222958898,
    "hit_rate_trades": 0.9310344827586207,
    "model_id": "M1_ols",
    "config_id": "M1",
    "estimator_name": "ols",
    "tau": 0.002293823326558547,
    "n_features": 13,
    "walkforward_mode": "expanding_refit_fixed_hparams",
    "selection_score": 0.6861849860700115
  },
  "M2_elasticnet": {
    "n_events": 40,
    "n_trades": 33,
    "n_long": 3,
    "n_short": 30,
    "n_neutral": 7,
    "rmse": 0.002650577027995776,
    "r2": 0.7408967136216051,
    "r2_clipped": 0.7408967136216051,
    "directional_accuracy": 0.85,
    "cumulative_return": 0.1808784585552542,
    "mean_pnl": 0.004521961463881355,
    "mean_trade_pnl": 0.005481165410765279,
    "sharpe_like": 1.1922631965261614,
    "sharpe_like_clipped": 0.3974210655087205,
    "max_drawdown": 0.0011906861894693949,
    "hit_rate_trades": 0.9090909090909091,
    "model_id": "M2_elasticnet",
    "config_id": "M2",
    "estimator_name": "elasticnet",
    "tau": 0.0018871293194431269,
    "n_features": 16,
    "walkforward_mode": "expanding_refit_fixed_hparams",
    "selection_score": 0.6643215513334535
  },
  "M2_gbdt": {
    "n_events": 40,
    "n_trades": 24,
    "n_long": 1,
    "n_short": 23,
    "n_neutral": 16,
    "rmse": 0.002719268861965389,
    "r2": 0.7272929525515079,
    "r2_clipped": 0.7272929525515079,
    "directional_accuracy": 0.825,
    "cumulative_return": 0.1688248823385725,
    "mean_pnl": 0.004220622058464313,
    "mean_trade_pnl": 0.007034370097440522,
    "sharpe_like": 1.6076782470483013,
    "sharpe_like_clipped": 0.5358927490161004,
    "max_drawdown": 0.0,
    "hit_rate_trades": 1.0,
    "model_id": "M2_gbdt",
    "config_id": "M2",
    "estimator_name": "gbdt",
    "tau": 0.0021771281914847603,
    "n_features": 16,
    "walkforward_mode": "expanding_refit_fixed_hparams",
    "selection_score": 0.6993857002935122
  },
  "M2_ols": {
    "n_events": 40,
    "n_trades": 28,
    "n_long": 3,
    "n_short": 25,
    "n_neutral": 12,
    "rmse": 0.0024105017196636787,
    "r2": 0.7857075089508931,
    "r2_clipped": 0.7857075089508931,
    "directional_accuracy": 0.875,
    "cumulative_return": 0.17533413834762357,
    "mean_pnl": 0.00438335345869059,
    "mean_trade_pnl": 0.006261933512415128,
    "sharpe_like": 1.3889846991003632,
    "sharpe_like_clipped": 0.46299489970012103,
    "max_drawdown": 0.00011886105947370162,
    "hit_rate_trades": 0.9642857142857143,
    "model_id": "M2_ols",
    "config_id": "M2",
    "estimator_name": "ols",
    "tau": 0.0023282431968356687,
    "n_features": 16,
    "walkforward_mode": "expanding_refit_fixed_hparams",
    "selection_score": 0.7084750921327656
  },
  "M3_elasticnet": {
    "n_events": 40,
    "n_trades": 32,
    "n_long": 3,
    "n_short": 29,
    "n_neutral": 8,
    "rmse": 0.0027538456258145725,
    "r2": 0.7203136674613435,
    "r2_clipped": 0.7203136674613435,
    "directional_accuracy": 0.85,
    "cumulative_return": 0.17806434936146448,
    "mean_pnl": 0.004451608734036613,
    "mean_trade_pnl": 0.005564510917545765,
    "sharpe_like": 1.198230004720039,
    "sharpe_like_clipped": 0.39941000157334633,
    "max_drawdown": 0.0011906861894693949,
    "hit_rate_trades": 0.90625,
    "model_id": "M3_elasticnet",
    "config_id": "M3",
    "estimator_name": "elasticnet",
    "tau": 0.0018971179350990772,
    "n_features": 21,
    "walkforward_mode": "expanding_refit_fixed_hparams",
    "selection_score": 0.6598719174160071
  },
  "M3_gbdt": {
    "n_events": 40,
    "n_trades": 24,
    "n_long": 1,
    "n_short": 23,
    "n_neutral": 16,
    "rmse": 0.002671434635491488,